timestamp;node;latency_ms;jitter_ms;loss_pct;utilization_pct;label
2026-06-15 08:00:00;BR-DEMO-01;18.914;2.376;0.203;53.465;0
2026-06-15 08:01:00;BR-DEMO-02;12.147;2.219;0.159;42.154;0
2026-06-15 08:02:00;BR-DEMO-03;17.95;2.488;0.212;52.0;0
2026-06-15 08:03:00;BR-DEMO-01;18.198;3.676;0.183;37.266;0
2026-06-15 08:04:00;BR-DEMO-02;19.106;2.425;0.211;44.551;0
2026-06-15 08:05:00;BR-DEMO-03;17.445;2.591;0.236;43.609;0
2026-06-15 08:06:00;BR-DEMO-01;16.715;2.789;0.187;48.289;0
2026-06-15 08:07:00;BR-DEMO-02;19.238;3.258;0.3;41.342;0
2026-06-15 08:08:00;BR-DEMO-03;16.463;2.512;0.193;55.161;0
2026-06-15 08:09:00;BR-DEMO-01;17.658;2.496;0.092;50.855;0
2026-06-15 08:10:00;BR-DEMO-02;20.23;3.326;0.103;47.089;0
2026-06-15 08:11:00;BR-DEMO-03;18.35;3.131;0.211;47.012;0
2026-06-15 08:12:00;BR-DEMO-01;20.037;3.041;0.17;50.682;0
2026-06-15 08:13:00;BR-DEMO-02;13.629;2.808;0.117;39.25;0
2026-06-15 08:14:00;BR-DEMO-03;17.175;3.897;0.089;53.715;0
2026-06-15 08:15:00;BR-DEMO-01;12.951;2.799;0.161;50.276;0
2026-06-15 08:16:00;BR-DEMO-02;20.134;3.476;0.126;40.839;0
2026-06-15 08:17:00;BR-DEMO-03;20.574;2.885;0.061;34.8;0
2026-06-15 08:18:00;BR-DEMO-01;15.242;3.298;0.16;51.214;0
2026-06-15 08:19:00;BR-DEMO-02;16.718;3.095;0.194;42.216;0
2026-06-15 08:20:00;BR-DEMO-03;19.37;2.603;0.125;41.564;0
2026-06-15 08:21:00;BR-DEMO-01;14.412;3.292;0.117;45.112;0
2026-06-15 08:22:00;BR-DEMO-02;19.442;3.268;0.197;44.114;0
2026-06-15 08:23:00;BR-DEMO-03;16.73;2.952;0.032;31.976;0
2026-06-15 08:24:00;BR-DEMO-01;14.032;2.402;0.178;36.851;0
2026-06-15 08:25:00;BR-DEMO-02;16.866;3.78;0.125;51.638;0
2026-06-15 08:26:00;BR-DEMO-03;15.199;2.877;0.083;41.949;0
2026-06-15 08:27:00;BR-DEMO-01;20.521;1.964;0.18;47.14;0
2026-06-15 08:28:00;BR-DEMO-02;16.218;2.132;0.155;40.235;0
2026-06-15 08:29:00;BR-DEMO-03;18.698;3.013;0.262;42.846;0
2026-06-15 08:30:00;BR-DEMO-01;14.93;3.108;0.165;57.233;0
2026-06-15 08:31:00;BR-DEMO-02;20.505;3.214;0.252;34.301;0
2026-06-15 08:32:00;BR-DEMO-03;16.081;2.444;0.123;32.61;0
2026-06-15 08:33:00;BR-DEMO-01;19.905;2.867;0.047;35.86;0
2026-06-15 08:34:00;BR-DEMO-02;18.941;3.503;0.29;71.225;0
2026-06-15 08:35:00;BR-DEMO-03;19.243;2.406;0.001;47.409;0
2026-06-15 08:36:00;BR-DEMO-01;15.561;2.751;0.107;43.733;0
2026-06-15 08:37:00;BR-DEMO-02;21.198;3.094;0.139;35.679;0
2026-06-15 08:38:00;BR-DEMO-03;12.976;2.708;0.146;60.911;0
2026-06-15 08:39:00;BR-DEMO-01;18.391;3.59;0.115;34.336;0
2026-06-15 08:40:00;BR-DEMO-02;15.105;2.565;0.299;37.608;0
2026-06-15 08:41:00;BR-DEMO-03;20.515;2.458;0.215;48.465;0
2026-06-15 08:42:00;BR-DEMO-01;17.53;2.976;0.104;49.015;0
2026-06-15 08:43:00;BR-DEMO-02;16.635;2.265;0.061;46.553;0
2026-06-15 08:44:00;BR-DEMO-03;22.737;3.096;0.142;47.572;0
2026-06-15 08:45:00;BR-DEMO-01;21.918;3.132;0.121;54.957;0
2026-06-15 08:46:00;BR-DEMO-02;19.286;3.921;0.163;33.98;0
2026-06-15 08:47:00;BR-DEMO-03;13.896;3.991;0.271;43.384;0
2026-06-15 08:48:00;BR-DEMO-01;16.85;3.877;0.073;36.947;0
2026-06-15 08:49:00;BR-DEMO-02;19.93;2.763;0.15;43.529;0
2026-06-15 08:50:00;BR-DEMO-03;19.013;3.844;0.156;50.795;0
2026-06-15 08:51:00;BR-DEMO-01;11.849;2.971;0.091;34.031;0
2026-06-15 08:52:00;BR-DEMO-02;15.366;2.8;0.214;33.062;0
2026-06-15 08:53:00;BR-DEMO-03;18.092;2.709;0.127;54.025;0
2026-06-15 08:54:00;BR-DEMO-01;19.614;3.802;0.139;38.737;0
2026-06-15 08:55:00;BR-DEMO-02;17.328;3.145;0.162;35.241;0
2026-06-15 08:56:00;BR-DEMO-03;18.271;3.137;0.326;61.892;0
2026-06-15 08:57:00;BR-DEMO-01;15.44;2.828;0.048;39.684;0
2026-06-15 08:58:00;BR-DEMO-02;18.947;3.724;0.099;39.113;0
2026-06-15 08:59:00;BR-DEMO-03;11.558;2.902;0.076;40.235;0
2026-06-15 09:00:00;BR-DEMO-01;15.369;2.943;0.027;31.797;0
2026-06-15 09:01:00;BR-DEMO-02;24.388;2.228;0.073;61.532;0
2026-06-15 09:02:00;BR-DEMO-03;26.715;2.297;0.124;48.074;0
2026-06-15 09:03:00;BR-DEMO-01;23.186;2.408;0.133;51.996;0
2026-06-15 09:04:00;BR-DEMO-02;19.304;2.774;0.141;32.626;0
2026-06-15 09:05:00;BR-DEMO-03;17.285;2.84;0.166;40.002;0
2026-06-15 09:06:00;BR-DEMO-01;19.415;3.608;0.161;48.166;0
2026-06-15 09:07:00;BR-DEMO-02;18.159;3.0;0.099;47.848;0
2026-06-15 09:08:00;BR-DEMO-03;17.708;4.256;0.26;48.473;0
2026-06-15 09:09:00;BR-DEMO-01;15.711;2.333;0.233;47.365;0
2026-06-15 09:10:00;BR-DEMO-02;19.44;1.953;0.215;49.09;0
2026-06-15 09:11:00;BR-DEMO-03;14.669;2.717;0.168;45.472;0
2026-06-15 09:12:00;BR-DEMO-01;17.123;2.938;0.132;46.373;0
2026-06-15 09:13:00;BR-DEMO-02;22.414;1.46;0.133;46.589;0
2026-06-15 09:14:00;BR-DEMO-03;18.888;2.777;0.027;47.952;0
2026-06-15 09:15:00;BR-DEMO-01;23.182;2.08;0.21;42.043;0
2026-06-15 09:16:00;BR-DEMO-02;17.816;2.368;0.127;56.7;0
2026-06-15 09:17:00;BR-DEMO-03;19.748;4.039;0.232;48.952;0
2026-06-15 09:18:00;BR-DEMO-01;23.232;3.263;0.208;42.331;0
2026-06-15 09:19:00;BR-DEMO-02;18.2;2.582;0.219;34.395;0
2026-06-15 09:20:00;BR-DEMO-03;20.347;2.886;0.232;51.758;0
2026-06-15 09:21:00;BR-DEMO-01;23.462;3.438;0.04;44.397;0
2026-06-15 09:22:00;BR-DEMO-02;14.484;2.689;0.256;50.738;0
2026-06-15 09:23:00;BR-DEMO-03;15.903;2.392;0.152;34.051;0
2026-06-15 09:24:00;BR-DEMO-01;15.987;3.187;0.231;50.479;0
2026-06-15 09:25:00;BR-DEMO-02;11.126;3.183;0.155;48.725;0
2026-06-15 09:26:00;BR-DEMO-03;22.849;1.762;0.109;50.318;0
2026-06-15 09:27:00;BR-DEMO-01;13.255;3.886;0.176;52.619;0
2026-06-15 09:28:00;BR-DEMO-02;16.287;3.488;0.225;47.096;0
2026-06-15 09:29:00;BR-DEMO-03;18.703;3.162;0.09;43.672;0
2026-06-15 09:30:00;BR-DEMO-01;17.542;3.23;0.22;35.473;0
2026-06-15 09:31:00;BR-DEMO-02;17.625;3.889;0.098;37.6;0
2026-06-15 09:32:00;BR-DEMO-03;18.607;3.507;0.151;56.961;0
2026-06-15 09:33:00;BR-DEMO-01;20.57;3.505;0.189;65.949;0
2026-06-15 09:34:00;BR-DEMO-02;17.385;1.798;0.262;40.881;0
2026-06-15 09:35:00;BR-DEMO-03;18.324;3.786;0.038;33.735;0
2026-06-15 09:36:00;BR-DEMO-01;13.196;2.524;0.181;49.718;0
2026-06-15 09:37:00;BR-DEMO-02;18.829;2.152;0.0;45.489;0
2026-06-15 09:38:00;BR-DEMO-03;16.585;3.276;0.199;46.244;0
2026-06-15 09:39:00;BR-DEMO-01;20.28;3.138;0.187;38.658;0
2026-06-15 09:40:00;BR-DEMO-02;17.461;3.118;0.207;41.456;0
2026-06-15 09:41:00;BR-DEMO-03;19.564;2.84;0.142;52.466;0
2026-06-15 09:42:00;BR-DEMO-01;12.021;2.222;0.046;23.997;0
2026-06-15 09:43:00;BR-DEMO-02;15.965;3.45;0.13;46.78;0
2026-06-15 09:44:00;BR-DEMO-03;21.268;3.797;0.145;57.182;0
2026-06-15 09:45:00;BR-DEMO-01;18.276;2.498;0.108;31.675;0
2026-06-15 09:46:00;BR-DEMO-02;15.336;2.785;0.206;60.487;0
2026-06-15 09:47:00;BR-DEMO-03;13.853;3.236;0.077;49.272;0
2026-06-15 09:48:00;BR-DEMO-01;17.607;1.901;0.215;39.555;0
2026-06-15 09:49:00;BR-DEMO-02;16.398;2.358;0.104;48.851;0
2026-06-15 09:50:00;BR-DEMO-03;17.432;3.197;0.175;56.886;0
2026-06-15 09:51:00;BR-DEMO-01;16.972;2.114;0.225;42.017;0
2026-06-15 09:52:00;BR-DEMO-02;21.344;3.23;0.141;48.139;0
2026-06-15 09:53:00;BR-DEMO-03;23.853;4.246;0.155;46.442;0
2026-06-15 09:54:00;BR-DEMO-01;21.229;2.493;0.173;44.767;0
2026-06-15 09:55:00;BR-DEMO-02;18.942;2.5;0.039;26.343;0
2026-06-15 09:56:00;BR-DEMO-03;14.648;2.725;0.129;62.435;0
2026-06-15 09:57:00;BR-DEMO-01;21.318;2.423;0.174;41.336;0
2026-06-15 09:58:00;BR-DEMO-02;17.147;3.111;0.193;41.947;0
2026-06-15 09:59:00;BR-DEMO-03;21.192;2.315;0.15;68.379;0
2026-06-15 10:00:00;BR-DEMO-01;18.669;3.86;0.156;50.227;0
2026-06-15 10:01:00;BR-DEMO-02;17.83;2.898;0.095;48.873;0
2026-06-15 10:02:00;BR-DEMO-03;15.445;3.399;0.226;48.299;0
2026-06-15 10:03:00;BR-DEMO-01;17.141;3.272;0.128;53.42;0
2026-06-15 10:04:00;BR-DEMO-02;12.506;2.799;0.011;31.544;0
2026-06-15 10:05:00;BR-DEMO-03;22.092;3.537;0.1;31.477;0
2026-06-15 10:06:00;BR-DEMO-01;9.106;2.674;0.319;48.914;0
2026-06-15 10:07:00;BR-DEMO-02;16.321;3.279;0.041;42.324;0
2026-06-15 10:08:00;BR-DEMO-03;18.298;2.948;0.205;48.102;0
2026-06-15 10:09:00;BR-DEMO-01;20.005;2.587;0.213;59.66;0
2026-06-15 10:10:00;BR-DEMO-02;15.09;2.467;0.244;43.278;0
2026-06-15 10:11:00;BR-DEMO-03;22.211;2.734;0.252;46.183;0
2026-06-15 10:12:00;BR-DEMO-01;18.775;3.939;0.125;36.53;0
2026-06-15 10:13:00;BR-DEMO-02;16.654;3.271;0.04;50.737;0
2026-06-15 10:14:00;BR-DEMO-03;16.384;3.689;0.0;37.921;0
2026-06-15 10:15:00;BR-DEMO-01;12.941;2.504;0.167;43.387;0
2026-06-15 10:16:00;BR-DEMO-02;17.24;2.904;0.164;35.923;0
2026-06-15 10:17:00;BR-DEMO-03;20.121;3.398;0.177;50.009;0
2026-06-15 10:18:00;BR-DEMO-01;18.889;4.221;0.144;42.236;0
2026-06-15 10:19:00;BR-DEMO-02;15.739;2.381;0.063;37.001;0
2026-06-15 10:20:00;BR-DEMO-03;17.788;3.201;0.154;38.11;0
2026-06-15 10:21:00;BR-DEMO-01;20.701;3.444;0.139;39.124;0
2026-06-15 10:22:00;BR-DEMO-02;19.645;3.113;0.049;44.388;0
2026-06-15 10:23:00;BR-DEMO-03;18.786;2.46;0.163;31.907;0
2026-06-15 10:24:00;BR-DEMO-01;22.009;3.749;0.132;48.271;0
2026-06-15 10:25:00;BR-DEMO-02;10.77;2.306;0.129;35.351;0
2026-06-15 10:26:00;BR-DEMO-03;20.143;4.198;0.068;37.463;0
2026-06-15 10:27:00;BR-DEMO-01;18.706;3.967;0.064;47.241;0
2026-06-15 10:28:00;BR-DEMO-02;23.464;2.009;0.06;41.188;0
2026-06-15 10:29:00;BR-DEMO-03;16.438;3.488;0.167;29.025;0
2026-06-15 10:30:00;BR-DEMO-01;19.546;2.653;0.239;39.352;0
2026-06-15 10:31:00;BR-DEMO-02;16.09;3.325;0.203;49.033;0
2026-06-15 10:32:00;BR-DEMO-03;12.943;3.323;0.078;47.117;0
2026-06-15 10:33:00;BR-DEMO-01;13.729;3.268;0.094;33.456;0
2026-06-15 10:34:00;BR-DEMO-02;20.141;3.145;0.107;58.061;0
2026-06-15 10:35:00;BR-DEMO-03;16.678;3.019;0.169;39.423;0
2026-06-15 10:36:00;BR-DEMO-01;19.413;2.68;0.121;57.264;0
2026-06-15 10:37:00;BR-DEMO-02;14.878;1.552;0.263;67.944;0
2026-06-15 10:38:00;BR-DEMO-03;16.784;1.838;0.128;42.424;0
2026-06-15 10:39:00;BR-DEMO-01;17.43;2.332;0.191;49.721;0
2026-06-15 10:40:00;BR-DEMO-02;13.517;3.42;0.294;46.548;0
2026-06-15 10:41:00;BR-DEMO-03;16.988;2.915;0.193;29.424;0
2026-06-15 10:42:00;BR-DEMO-01;18.493;2.766;0.279;43.432;0
2026-06-15 10:43:00;BR-DEMO-02;23.004;2.338;0.191;47.875;0
2026-06-15 10:44:00;BR-DEMO-03;15.393;3.106;0.235;42.086;0
2026-06-15 10:45:00;BR-DEMO-01;12.924;2.989;0.087;41.919;0
2026-06-15 10:46:00;BR-DEMO-02;17.755;1.977;0.037;49.339;0
2026-06-15 10:47:00;BR-DEMO-03;16.432;1.461;0.205;47.451;0
2026-06-15 10:48:00;BR-DEMO-01;15.858;2.21;0.209;48.144;0
2026-06-15 10:49:00;BR-DEMO-02;25.148;3.252;0.177;43.498;0
2026-06-15 10:50:00;BR-DEMO-03;20.45;3.375;0.238;40.308;0
2026-06-15 10:51:00;BR-DEMO-01;16.694;2.713;0.205;58.485;0
2026-06-15 10:52:00;BR-DEMO-02;16.623;2.745;0.172;42.788;0
2026-06-15 10:53:00;BR-DEMO-03;20.856;1.649;0.092;37.958;0
2026-06-15 10:54:00;BR-DEMO-01;11.039;2.422;0.086;43.19;0
2026-06-15 10:55:00;BR-DEMO-02;21.339;2.853;0.078;44.487;0
2026-06-15 10:56:00;BR-DEMO-03;21.148;2.414;0.086;50.027;0
2026-06-15 10:57:00;BR-DEMO-01;17.335;3.388;0.149;51.315;0
2026-06-15 10:58:00;BR-DEMO-02;14.895;2.993;0.135;34.057;0
2026-06-15 10:59:00;BR-DEMO-03;13.31;3.411;0.125;35.799;0
2026-06-15 11:00:00;BR-DEMO-01;17.711;3.677;0.0;31.53;0
2026-06-15 11:01:00;BR-DEMO-02;15.231;3.877;0.17;51.906;0
2026-06-15 11:02:00;BR-DEMO-03;14.58;2.328;0.181;45.524;0
2026-06-15 11:03:00;BR-DEMO-01;19.646;2.887;0.169;46.423;0
2026-06-15 11:04:00;BR-DEMO-02;20.333;3.484;0.037;24.775;0
2026-06-15 11:05:00;BR-DEMO-03;21.005;3.713;0.079;28.261;0
2026-06-15 11:06:00;BR-DEMO-01;18.297;3.559;0.276;49.647;0
2026-06-15 11:07:00;BR-DEMO-02;16.885;2.464;0.151;42.307;0
2026-06-15 11:08:00;BR-DEMO-03;14.955;4.229;0.275;55.224;0
2026-06-15 11:09:00;BR-DEMO-01;15.237;3.513;0.195;48.983;0
2026-06-15 11:10:00;BR-DEMO-02;21.749;3.381;0.202;50.732;0
2026-06-15 11:11:00;BR-DEMO-03;19.022;1.93;0.156;39.994;0
2026-06-15 11:12:00;BR-DEMO-01;14.16;4.009;0.271;57.233;0
2026-06-15 11:13:00;BR-DEMO-02;18.766;3.81;0.151;46.825;0
2026-06-15 11:14:00;BR-DEMO-03;14.72;3.238;0.154;33.276;0
2026-06-15 11:15:00;BR-DEMO-01;17.846;2.952;0.276;53.048;0
2026-06-15 11:16:00;BR-DEMO-02;18.034;3.149;0.153;43.174;0
2026-06-15 11:17:00;BR-DEMO-03;14.753;2.909;0.098;33.747;0
2026-06-15 11:18:00;BR-DEMO-01;19.534;3.235;0.025;43.896;0
2026-06-15 11:19:00;BR-DEMO-02;20.987;3.636;0.222;45.35;0
2026-06-15 11:20:00;BR-DEMO-03;15.465;2.35;0.174;48.414;0
2026-06-15 11:21:00;BR-DEMO-01;21.862;3.66;0.141;33.802;0
2026-06-15 11:22:00;BR-DEMO-02;17.043;3.13;0.136;39.799;0
2026-06-15 11:23:00;BR-DEMO-03;18.759;2.698;0.106;47.803;0
2026-06-15 11:24:00;BR-DEMO-01;16.794;3.146;0.169;34.745;0
2026-06-15 11:25:00;BR-DEMO-02;16.556;3.863;0.069;25.95;0
2026-06-15 11:26:00;BR-DEMO-03;12.414;3.017;0.152;43.942;0
2026-06-15 11:27:00;BR-DEMO-01;21.643;1.396;0.178;59.053;0
2026-06-15 11:28:00;BR-DEMO-02;14.617;2.772;0.097;36.951;0
2026-06-15 11:29:00;BR-DEMO-03;17.021;3.856;0.279;41.977;0
2026-06-15 11:30:00;BR-DEMO-01;23.715;3.021;0.273;44.16;0
2026-06-15 11:31:00;BR-DEMO-02;18.393;3.219;0.373;52.662;0
2026-06-15 11:32:00;BR-DEMO-03;15.878;3.581;0.125;40.592;0
2026-06-15 11:33:00;BR-DEMO-01;20.726;3.019;0.17;45.126;0
2026-06-15 11:34:00;BR-DEMO-02;19.01;3.255;0.014;50.999;0
2026-06-15 11:35:00;BR-DEMO-03;15.054;2.135;0.146;45.756;0
2026-06-15 11:36:00;BR-DEMO-01;15.919;3.499;0.056;41.338;0
2026-06-15 11:37:00;BR-DEMO-02;16.245;2.972;0.17;35.929;0
2026-06-15 11:38:00;BR-DEMO-03;20.173;3.038;0.018;27.373;0
2026-06-15 11:39:00;BR-DEMO-01;17.963;2.867;0.143;44.748;0
2026-06-15 11:40:00;BR-DEMO-02;18.677;3.569;0.072;34.452;0
2026-06-15 11:41:00;BR-DEMO-03;14.72;3.173;0.237;41.118;0
2026-06-15 11:42:00;BR-DEMO-01;10.495;1.978;0.092;39.98;0
2026-06-15 11:43:00;BR-DEMO-02;16.775;3.023;0.128;54.444;0
2026-06-15 11:44:00;BR-DEMO-03;15.972;2.483;0.184;31.179;0
2026-06-15 11:45:00;BR-DEMO-01;19.169;3.062;0.14;59.294;0
2026-06-15 11:46:00;BR-DEMO-02;16.133;4.236;0.134;33.507;0
2026-06-15 11:47:00;BR-DEMO-03;18.21;2.354;0.097;48.573;0
2026-06-15 11:48:00;BR-DEMO-01;19.667;2.627;0.219;55.418;0
2026-06-15 11:49:00;BR-DEMO-02;22.309;3.318;0.245;28.073;0
2026-06-15 11:50:00;BR-DEMO-03;17.046;2.48;0.158;39.857;0
2026-06-15 11:51:00;BR-DEMO-01;17.502;4.129;0.138;48.724;0
2026-06-15 11:52:00;BR-DEMO-02;17.303;3.045;0.15;49.035;0
2026-06-15 11:53:00;BR-DEMO-03;21.496;3.988;0.172;50.306;0
2026-06-15 11:54:00;BR-DEMO-01;14.547;2.947;0.216;52.794;0
2026-06-15 11:55:00;BR-DEMO-02;18.635;3.532;0.184;55.803;0
2026-06-15 11:56:00;BR-DEMO-03;18.868;2.787;0.174;18.625;0
2026-06-15 11:57:00;BR-DEMO-01;19.149;0.811;0.029;49.066;0
2026-06-15 11:58:00;BR-DEMO-02;19.433;2.303;0.1;57.335;0
2026-06-15 11:59:00;BR-DEMO-03;16.548;4.346;0.15;48.672;0
2026-06-15 12:00:00;BR-DEMO-01;22.851;3.079;0.08;44.012;0
2026-06-15 12:01:00;BR-DEMO-02;17.893;2.181;0.132;38.32;0
2026-06-15 12:02:00;BR-DEMO-03;20.773;3.021;0.13;44.044;0
2026-06-15 12:03:00;BR-DEMO-01;18.669;3.37;0.08;35.626;0
2026-06-15 12:04:00;BR-DEMO-02;21.314;2.753;0.051;48.994;0
2026-06-15 12:05:00;BR-DEMO-03;19.39;2.082;0.166;51.62;0
2026-06-15 12:06:00;BR-DEMO-01;19.123;3.379;0.052;47.979;0
2026-06-15 12:07:00;BR-DEMO-02;17.092;2.71;0.211;58.313;0
2026-06-15 12:08:00;BR-DEMO-03;23.383;3.789;0.142;48.174;0
2026-06-15 12:09:00;BR-DEMO-01;20.3;3.073;0.159;52.414;0
2026-06-15 12:10:00;BR-DEMO-02;17.822;2.562;0.121;50.705;0
2026-06-15 12:11:00;BR-DEMO-03;18.009;3.204;0.197;41.626;0
2026-06-15 12:12:00;BR-DEMO-01;20.269;3.227;0.064;57.981;0
2026-06-15 12:13:00;BR-DEMO-02;16.498;2.007;0.077;35.811;0
2026-06-15 12:14:00;BR-DEMO-03;18.157;2.836;0.126;50.577;0
2026-06-15 12:15:00;BR-DEMO-01;19.02;3.19;0.179;50.545;0
2026-06-15 12:16:00;BR-DEMO-02;11.676;2.781;0.0;45.325;0
2026-06-15 12:17:00;BR-DEMO-03;17.986;3.627;0.233;46.825;0
2026-06-15 12:18:00;BR-DEMO-01;16.499;3.291;0.113;44.987;0
2026-06-15 12:19:00;BR-DEMO-02;20.958;2.665;0.206;51.097;0
2026-06-15 12:20:00;BR-DEMO-03;15.136;3.584;0.199;45.917;0
2026-06-15 12:21:00;BR-DEMO-01;15.713;2.484;0.112;49.883;0
2026-06-15 12:22:00;BR-DEMO-02;15.133;3.263;0.063;43.163;0
2026-06-15 12:23:00;BR-DEMO-03;18.329;4.467;0.054;58.248;0
2026-06-15 12:24:00;BR-DEMO-01;18.45;3.247;0.158;49.003;0
2026-06-15 12:25:00;BR-DEMO-02;17.539;3.872;0.118;55.19;0
2026-06-15 12:26:00;BR-DEMO-03;16.067;2.964;0.075;49.095;0
2026-06-15 12:27:00;BR-DEMO-01;22.335;2.954;0.136;34.968;0
2026-06-15 12:28:00;BR-DEMO-02;17.312;2.044;0.086;47.041;0
2026-06-15 12:29:00;BR-DEMO-03;21.957;4.686;0.109;57.918;0
2026-06-15 12:30:00;BR-DEMO-01;18.731;2.909;0.18;45.557;0
2026-06-15 12:31:00;BR-DEMO-02;18.331;2.755;0.052;31.107;0
2026-06-15 12:32:00;BR-DEMO-03;19.96;2.834;0.108;45.077;0
2026-06-15 12:33:00;BR-DEMO-01;20.385;3.108;0.104;56.037;0
2026-06-15 12:34:00;BR-DEMO-02;22.738;3.297;0.218;56.178;0
2026-06-15 12:35:00;BR-DEMO-03;21.39;3.368;0.192;49.677;0
2026-06-15 12:36:00;BR-DEMO-01;14.708;3.42;0.055;37.849;0
2026-06-15 12:37:00;BR-DEMO-02;21.911;3.504;0.254;42.555;0
2026-06-15 12:38:00;BR-DEMO-03;14.543;2.856;0.157;45.711;0
2026-06-15 12:39:00;BR-DEMO-01;21.401;2.783;0.175;36.102;0
2026-06-15 12:40:00;BR-DEMO-02;19.351;3.002;0.098;42.878;0
2026-06-15 12:41:00;BR-DEMO-03;17.447;2.838;0.274;44.114;0
2026-06-15 12:42:00;BR-DEMO-01;17.268;1.742;0.087;42.632;0
2026-06-15 12:43:00;BR-DEMO-02;15.942;3.829;0.138;56.596;0
2026-06-15 12:44:00;BR-DEMO-03;18.185;3.022;0.144;45.034;0
2026-06-15 12:45:00;BR-DEMO-01;23.156;1.608;0.01;40.111;0
2026-06-15 12:46:00;BR-DEMO-02;18.044;3.414;0.183;41.542;0
2026-06-15 12:47:00;BR-DEMO-03;21.057;3.618;0.163;53.664;0
2026-06-15 12:48:00;BR-DEMO-01;18.818;2.663;0.199;45.996;0
2026-06-15 12:49:00;BR-DEMO-02;18.004;3.884;0.0;32.241;0
2026-06-15 12:50:00;BR-DEMO-03;14.439;2.782;0.132;31.434;0
2026-06-15 12:51:00;BR-DEMO-01;15.045;2.483;0.322;61.216;0
2026-06-15 12:52:00;BR-DEMO-02;16.765;2.782;0.07;27.827;0
2026-06-15 12:53:00;BR-DEMO-03;17.649;2.401;0.144;30.598;0
2026-06-15 12:54:00;BR-DEMO-01;15.714;3.089;0.176;48.757;0
2026-06-15 12:55:00;BR-DEMO-02;14.039;3.513;0.094;50.696;0
2026-06-15 12:56:00;BR-DEMO-03;17.968;2.174;0.128;48.288;0
2026-06-15 12:57:00;BR-DEMO-01;19.839;2.915;0.257;54.068;0
2026-06-15 12:58:00;BR-DEMO-02;17.23;3.45;0.285;62.644;0
2026-06-15 12:59:00;BR-DEMO-03;14.316;2.444;0.254;35.475;0
2026-06-15 13:00:00;BR-DEMO-01;14.032;2.708;0.179;44.078;0
2026-06-15 13:01:00;BR-DEMO-02;16.048;2.595;0.1;37.084;0
2026-06-15 13:02:00;BR-DEMO-03;24.845;3.179;0.212;40.598;0
2026-06-15 13:03:00;BR-DEMO-01;17.442;2.572;0.0;32.598;0
2026-06-15 13:04:00;BR-DEMO-02;12.568;1.65;0.066;56.925;0
2026-06-15 13:05:00;BR-DEMO-03;17.867;3.774;0.179;52.043;0
2026-06-15 13:06:00;BR-DEMO-01;15.297;3.314;0.201;39.81;0
2026-06-15 13:07:00;BR-DEMO-02;19.679;3.34;0.112;34.895;0
2026-06-15 13:08:00;BR-DEMO-03;14.448;3.052;0.173;37.867;0
2026-06-15 13:09:00;BR-DEMO-01;18.08;3.342;0.193;58.967;0
2026-06-15 13:10:00;BR-DEMO-02;21.831;2.399;0.268;40.221;0
2026-06-15 13:11:00;BR-DEMO-03;21.135;3.041;0.121;28.731;0
2026-06-15 13:12:00;BR-DEMO-01;17.485;2.064;0.218;58.651;0
2026-06-15 13:13:00;BR-DEMO-02;15.609;3.181;0.099;39.344;0
2026-06-15 13:14:00;BR-DEMO-03;20.323;2.977;0.272;40.66;0
2026-06-15 13:15:00;BR-DEMO-01;20.998;3.058;0.206;40.976;0
2026-06-15 13:16:00;BR-DEMO-02;17.851;2.931;0.091;50.959;0
2026-06-15 13:17:00;BR-DEMO-03;19.951;3.356;0.258;58.044;0
2026-06-15 13:18:00;BR-DEMO-01;16.875;3.224;0.106;45.21;0
2026-06-15 13:19:00;BR-DEMO-02;16.201;3.972;0.175;43.038;0
2026-06-15 13:20:00;BR-DEMO-03;21.581;1.698;0.009;52.163;0
2026-06-15 13:21:00;BR-DEMO-01;18.181;3.15;0.057;44.791;0
2026-06-15 13:22:00;BR-DEMO-02;24.011;3.495;0.162;41.049;0
2026-06-15 13:23:00;BR-DEMO-03;16.816;1.722;0.168;52.609;0
2026-06-15 13:24:00;BR-DEMO-01;13.273;2.603;0.069;36.312;0
2026-06-15 13:25:00;BR-DEMO-02;18.16;1.749;0.193;51.785;0
2026-06-15 13:26:00;BR-DEMO-03;17.247;1.512;0.08;56.096;0
2026-06-15 13:27:00;BR-DEMO-01;9.666;2.791;0.067;52.241;0
2026-06-15 13:28:00;BR-DEMO-02;15.975;3.242;0.19;61.526;0
2026-06-15 13:29:00;BR-DEMO-03;17.391;3.226;0.046;55.714;0
2026-06-15 13:30:00;BR-DEMO-01;15.718;2.664;0.148;30.934;0
2026-06-15 13:31:00;BR-DEMO-02;18.686;3.58;0.171;30.7;0
2026-06-15 13:32:00;BR-DEMO-03;17.629;3.445;0.019;35.327;0
2026-06-15 13:33:00;BR-DEMO-01;20.63;3.162;0.179;61.735;0
2026-06-15 13:34:00;BR-DEMO-02;19.406;3.395;0.34;43.076;0
2026-06-15 13:35:00;BR-DEMO-03;15.606;3.257;0.181;40.26;0
2026-06-15 13:36:00;BR-DEMO-01;14.903;4.386;0.173;38.409;0
2026-06-15 13:37:00;BR-DEMO-02;20.748;2.935;0.132;50.06;0
2026-06-15 13:38:00;BR-DEMO-03;14.124;3.212;0.284;49.196;0
2026-06-15 13:39:00;BR-DEMO-01;16.871;2.696;0.121;42.714;0
2026-06-15 13:40:00;BR-DEMO-02;16.867;3.55;0.029;52.758;0
2026-06-15 13:41:00;BR-DEMO-03;16.861;3.226;0.071;56.958;0
2026-06-15 13:42:00;BR-DEMO-01;21.737;3.576;0.044;52.462;0
2026-06-15 13:43:00;BR-DEMO-02;19.215;2.037;0.148;48.281;0
2026-06-15 13:44:00;BR-DEMO-03;19.668;3.106;0.17;58.263;0
2026-06-15 13:45:00;BR-DEMO-01;21.678;1.28;0.128;43.518;0
2026-06-15 13:46:00;BR-DEMO-02;12.744;3.057;0.237;35.221;0
2026-06-15 13:47:00;BR-DEMO-03;19.009;2.451;0.103;58.297;0
2026-06-15 13:48:00;BR-DEMO-01;16.372;3.277;0.019;61.761;0
2026-06-15 13:49:00;BR-DEMO-02;19.808;2.891;0.19;32.312;0
2026-06-15 13:50:00;BR-DEMO-03;21.548;2.806;0.136;40.575;0
2026-06-15 13:51:00;BR-DEMO-01;16.258;3.417;0.168;50.866;0
2026-06-15 13:52:00;BR-DEMO-02;17.974;3.308;0.121;65.068;0
2026-06-15 13:53:00;BR-DEMO-03;13.296;3.757;0.246;37.331;0
2026-06-15 13:54:00;BR-DEMO-01;24.688;3.597;0.218;45.252;0
2026-06-15 13:55:00;BR-DEMO-02;17.348;2.874;0.177;57.611;0
2026-06-15 13:56:00;BR-DEMO-03;18.544;2.453;0.208;53.29;0
2026-06-15 13:57:00;BR-DEMO-01;19.964;3.447;0.131;36.639;0
2026-06-15 13:58:00;BR-DEMO-02;15.395;2.019;0.167;44.249;0
2026-06-15 13:59:00;BR-DEMO-03;16.68;1.227;0.063;55.088;0
2026-06-15 14:00:00;BR-DEMO-01;16.006;3.216;0.053;57.948;0
2026-06-15 14:01:00;BR-DEMO-02;17.568;3.174;0.313;58.648;0
2026-06-15 14:02:00;BR-DEMO-03;17.08;2.644;0.127;49.589;0
2026-06-15 14:03:00;BR-DEMO-01;17.684;2.763;0.253;43.972;0
2026-06-15 14:04:00;BR-DEMO-02;24.899;3.054;0.275;48.216;0
2026-06-15 14:05:00;BR-DEMO-03;20.889;2.565;0.09;49.137;0
2026-06-15 14:06:00;BR-DEMO-01;20.966;3.024;0.06;32.758;0
2026-06-15 14:07:00;BR-DEMO-02;13.719;1.939;0.158;55.125;0
2026-06-15 14:08:00;BR-DEMO-03;17.96;1.644;0.137;43.535;0
2026-06-15 14:09:00;BR-DEMO-01;24.288;2.126;0.123;60.353;0
2026-06-15 14:10:00;BR-DEMO-02;19.35;3.338;0.158;47.969;0
2026-06-15 14:11:00;BR-DEMO-03;20.333;2.514;0.211;32.643;0
2026-06-15 14:12:00;BR-DEMO-01;18.985;3.107;0.107;44.796;0
2026-06-15 14:13:00;BR-DEMO-02;16.132;2.357;0.125;35.064;0
2026-06-15 14:14:00;BR-DEMO-03;18.968;2.31;0.2;34.367;0
2026-06-15 14:15:00;BR-DEMO-01;16.301;2.625;0.243;47.973;0
2026-06-15 14:16:00;BR-DEMO-02;17.365;3.299;0.002;44.612;0
2026-06-15 14:17:00;BR-DEMO-03;23.993;3.079;0.155;49.933;0
2026-06-15 14:18:00;BR-DEMO-01;20.687;1.802;0.032;46.893;0
2026-06-15 14:19:00;BR-DEMO-02;15.855;3.787;0.128;27.589;0
2026-06-15 14:20:00;BR-DEMO-03;14.196;1.35;0.134;43.305;0
2026-06-15 14:21:00;BR-DEMO-01;16.727;3.647;0.234;43.467;0
2026-06-15 14:22:00;BR-DEMO-02;11.596;3.37;0.189;47.785;0
2026-06-15 14:23:00;BR-DEMO-03;20.944;2.301;0.291;36.365;0
2026-06-15 14:24:00;BR-DEMO-01;20.248;1.988;0.085;58.647;0
2026-06-15 14:25:00;BR-DEMO-02;17.217;3.504;0.167;44.055;0
2026-06-15 14:26:00;BR-DEMO-03;22.092;2.858;0.025;37.771;0
2026-06-15 14:27:00;BR-DEMO-01;19.654;3.237;0.04;38.481;0
2026-06-15 14:28:00;BR-DEMO-02;16.255;2.781;0.054;39.345;0
2026-06-15 14:29:00;BR-DEMO-03;15.814;3.463;0.207;43.688;0
2026-06-15 14:30:00;BR-DEMO-01;16.824;3.084;0.093;34.679;0
2026-06-15 14:31:00;BR-DEMO-02;15.179;2.619;0.069;46.459;0
2026-06-15 14:32:00;BR-DEMO-03;20.189;2.048;0.152;43.021;0
2026-06-15 14:33:00;BR-DEMO-01;19.025;2.992;0.048;33.638;0
2026-06-15 14:34:00;BR-DEMO-02;18.088;3.617;0.0;48.112;0
2026-06-15 14:35:00;BR-DEMO-03;21.569;2.908;0.189;38.672;0
2026-06-15 14:36:00;BR-DEMO-01;17.642;2.027;0.0;53.485;0
2026-06-15 14:37:00;BR-DEMO-02;15.045;2.727;0.053;32.31;0
2026-06-15 14:38:00;BR-DEMO-03;17.478;2.562;0.176;49.073;0
2026-06-15 14:39:00;BR-DEMO-01;18.963;3.143;0.26;35.392;0
2026-06-15 14:40:00;BR-DEMO-02;17.835;3.68;0.239;32.204;0
2026-06-15 14:41:00;BR-DEMO-03;17.063;3.815;0.186;46.757;0
2026-06-15 14:42:00;BR-DEMO-01;17.347;2.77;0.17;42.729;0
2026-06-15 14:43:00;BR-DEMO-02;17.872;3.047;0.103;49.789;0
2026-06-15 14:44:00;BR-DEMO-03;26.743;1.934;0.173;38.158;0
2026-06-15 14:45:00;BR-DEMO-01;19.732;3.028;0.203;55.58;0
2026-06-15 14:46:00;BR-DEMO-02;18.577;3.679;0.0;59.314;0
2026-06-15 14:47:00;BR-DEMO-03;19.125;3.647;0.065;37.523;0
2026-06-15 14:48:00;BR-DEMO-01;18.438;2.99;0.17;54.761;0
2026-06-15 14:49:00;BR-DEMO-02;12.704;3.584;0.151;43.166;0
2026-06-15 14:50:00;BR-DEMO-03;13.587;3.302;0.0;50.836;0
2026-06-15 14:51:00;BR-DEMO-01;13.524;3.032;0.142;55.526;0
2026-06-15 14:52:00;BR-DEMO-02;17.464;2.584;0.115;56.456;0
2026-06-15 14:53:00;BR-DEMO-03;19.609;2.769;0.133;30.895;0
2026-06-15 14:54:00;BR-DEMO-01;19.165;1.944;0.203;46.158;0
2026-06-15 14:55:00;BR-DEMO-02;25.161;2.34;0.143;61.185;0
2026-06-15 14:56:00;BR-DEMO-03;21.574;2.582;0.166;45.018;0
2026-06-15 14:57:00;BR-DEMO-01;18.846;2.581;0.144;30.618;0
2026-06-15 14:58:00;BR-DEMO-02;18.405;3.27;0.134;30.465;0
2026-06-15 14:59:00;BR-DEMO-03;20.966;3.219;0.099;42.475;0
2026-06-15 15:00:00;BR-DEMO-01;13.498;2.385;0.112;56.056;0
2026-06-15 15:01:00;BR-DEMO-02;16.081;3.384;0.112;47.232;0
2026-06-15 15:02:00;BR-DEMO-03;17.576;3.524;0.113;30.847;0
2026-06-15 15:03:00;BR-DEMO-01;13.854;2.681;0.063;48.692;0
2026-06-15 15:04:00;BR-DEMO-02;16.603;4.425;0.028;46.833;0
2026-06-15 15:05:00;BR-DEMO-03;14.616;2.704;0.16;24.072;0
2026-06-15 15:06:00;BR-DEMO-01;18.71;4.142;0.118;47.338;0
2026-06-15 15:07:00;BR-DEMO-02;21.075;2.902;0.109;24.518;0
2026-06-15 15:08:00;BR-DEMO-03;19.923;2.932;0.079;46.139;0
2026-06-15 15:09:00;BR-DEMO-01;16.249;2.683;0.192;32.955;0
2026-06-15 15:10:00;BR-DEMO-02;21.142;2.161;0.104;62.307;0
2026-06-15 15:11:00;BR-DEMO-03;21.382;3.059;0.084;40.237;0
2026-06-15 15:12:00;BR-DEMO-01;18.22;3.023;0.144;44.723;0
2026-06-15 15:13:00;BR-DEMO-02;17.357;2.135;0.114;53.232;0
2026-06-15 15:14:00;BR-DEMO-03;13.895;2.886;0.093;46.002;0
2026-06-15 15:15:00;BR-DEMO-01;16.834;3.886;0.185;33.194;0
2026-06-15 15:16:00;BR-DEMO-02;20.014;2.535;0.11;47.824;0
2026-06-15 15:17:00;BR-DEMO-03;16.525;3.536;0.096;39.429;0
2026-06-15 15:18:00;BR-DEMO-01;16.031;2.661;0.227;50.659;0
2026-06-15 15:19:00;BR-DEMO-02;23.13;4.361;0.078;45.634;0
2026-06-15 15:20:00;BR-DEMO-03;14.471;2.533;0.106;35.486;0
2026-06-15 15:21:00;BR-DEMO-01;14.844;2.913;0.065;52.579;0
2026-06-15 15:22:00;BR-DEMO-02;15.247;4.686;0.118;45.648;0
2026-06-15 15:23:00;BR-DEMO-03;14.114;4.024;0.228;47.672;0
2026-06-15 15:24:00;BR-DEMO-01;13.96;3.126;0.071;58.161;0
2026-06-15 15:25:00;BR-DEMO-02;20.428;3.057;0.0;36.149;0
2026-06-15 15:26:00;BR-DEMO-03;20.063;3.728;0.228;30.672;0
2026-06-15 15:27:00;BR-DEMO-01;18.905;3.609;0.034;44.929;0
2026-06-15 15:28:00;BR-DEMO-02;18.822;2.82;0.02;42.069;0
2026-06-15 15:29:00;BR-DEMO-03;17.018;2.911;0.111;41.013;0
2026-06-15 15:30:00;BR-DEMO-01;17.881;3.265;0.129;41.313;0
2026-06-15 15:31:00;BR-DEMO-02;18.277;1.847;0.183;44.995;0
2026-06-15 15:32:00;BR-DEMO-03;18.119;3.576;0.013;27.235;0
2026-06-15 15:33:00;BR-DEMO-01;18.821;2.996;0.162;40.841;0
2026-06-15 15:34:00;BR-DEMO-02;19.993;3.56;0.184;42.653;0
2026-06-15 15:35:00;BR-DEMO-03;11.677;3.462;0.236;50.801;0
2026-06-15 15:36:00;BR-DEMO-01;15.361;3.404;0.21;59.029;0
2026-06-15 15:37:00;BR-DEMO-02;15.372;2.864;0.202;45.517;0
2026-06-15 15:38:00;BR-DEMO-03;14.648;3.249;0.191;45.792;0
2026-06-15 15:39:00;BR-DEMO-01;18.659;2.845;0.253;36.894;0
2026-06-15 15:40:00;BR-DEMO-02;16.238;3.007;0.212;31.524;0
2026-06-15 15:41:00;BR-DEMO-03;14.069;1.777;0.152;34.935;0
2026-06-15 15:42:00;BR-DEMO-01;16.846;3.397;0.105;47.082;0
2026-06-15 15:43:00;BR-DEMO-02;17.102;3.403;0.183;38.773;0
2026-06-15 15:44:00;BR-DEMO-03;17.494;3.626;0.178;32.427;0
2026-06-15 15:45:00;BR-DEMO-01;19.967;2.349;0.249;54.217;0
2026-06-15 15:46:00;BR-DEMO-02;18.87;3.094;0.135;51.107;0
2026-06-15 15:47:00;BR-DEMO-03;16.888;3.141;0.211;39.944;0
2026-06-15 15:48:00;BR-DEMO-01;16.151;2.283;0.075;28.544;0
2026-06-15 15:49:00;BR-DEMO-02;20.189;4.085;0.25;30.365;0
2026-06-15 15:50:00;BR-DEMO-03;20.175;3.853;0.118;45.913;0
2026-06-15 15:51:00;BR-DEMO-01;11.976;3.16;0.076;46.797;0
2026-06-15 15:52:00;BR-DEMO-02;13.316;3.326;0.222;37.951;0
2026-06-15 15:53:00;BR-DEMO-03;14.589;1.706;0.131;39.766;0
2026-06-15 15:54:00;BR-DEMO-01;13.347;3.272;0.119;35.318;0
2026-06-15 15:55:00;BR-DEMO-02;16.336;3.643;0.192;43.83;0
2026-06-15 15:56:00;BR-DEMO-03;19.857;2.303;0.152;46.326;0
2026-06-15 15:57:00;BR-DEMO-01;16.59;3.261;0.095;49.588;0
2026-06-15 15:58:00;BR-DEMO-02;19.656;1.25;0.233;17.571;0
2026-06-15 15:59:00;BR-DEMO-03;16.152;3.615;0.128;31.804;0
2026-06-15 16:00:00;BR-DEMO-01;14.719;3.616;0.015;55.161;0
2026-06-15 16:01:00;BR-DEMO-02;17.835;2.285;0.109;35.845;0
2026-06-15 16:02:00;BR-DEMO-03;20.599;3.439;0.03;41.368;0
2026-06-15 16:03:00;BR-DEMO-01;15.41;3.776;0.055;59.438;0
2026-06-15 16:04:00;BR-DEMO-02;17.9;2.303;0.103;37.785;0
2026-06-15 16:05:00;BR-DEMO-03;14.176;3.057;0.064;25.377;0
2026-06-15 16:06:00;BR-DEMO-01;16.861;1.918;0.097;36.818;0
2026-06-15 16:07:00;BR-DEMO-02;15.386;4.201;0.154;47.208;0
2026-06-15 16:08:00;BR-DEMO-03;12.671;2.608;0.165;35.779;0
2026-06-15 16:09:00;BR-DEMO-01;20.724;2.278;0.13;39.726;0
2026-06-15 16:10:00;BR-DEMO-02;18.493;2.616;0.131;42.875;0
2026-06-15 16:11:00;BR-DEMO-03;15.797;3.291;0.167;44.202;0
2026-06-15 16:12:00;BR-DEMO-01;16.709;3.478;0.133;42.24;0
2026-06-15 16:13:00;BR-DEMO-02;18.314;4.018;0.056;51.929;0
2026-06-15 16:14:00;BR-DEMO-03;12.32;3.13;0.26;49.398;0
2026-06-15 16:15:00;BR-DEMO-01;18.512;2.664;0.152;42.731;0
2026-06-15 16:16:00;BR-DEMO-02;15.642;2.826;0.164;38.095;0
2026-06-15 16:17:00;BR-DEMO-03;15.581;2.184;0.177;49.908;0
2026-06-15 16:18:00;BR-DEMO-01;18.695;3.579;0.156;48.528;0
2026-06-15 16:19:00;BR-DEMO-02;18.912;2.945;0.113;64.927;0
2026-06-15 16:20:00;BR-DEMO-03;16.644;2.6;0.18;47.267;0
2026-06-15 16:21:00;BR-DEMO-01;13.786;3.674;0.143;35.002;0
2026-06-15 16:22:00;BR-DEMO-02;21.566;3.375;0.061;60.995;0
2026-06-15 16:23:00;BR-DEMO-03;19.976;2.994;0.261;46.434;0
2026-06-15 16:24:00;BR-DEMO-01;17.916;2.604;0.191;49.289;0
2026-06-15 16:25:00;BR-DEMO-02;18.044;2.526;0.159;44.372;0
2026-06-15 16:26:00;BR-DEMO-03;14.0;2.117;0.19;21.583;0
2026-06-15 16:27:00;BR-DEMO-01;18.616;2.713;0.242;40.559;0
2026-06-15 16:28:00;BR-DEMO-02;19.978;2.762;0.158;51.632;0
2026-06-15 16:29:00;BR-DEMO-03;16.612;3.598;0.08;47.651;0
2026-06-15 16:30:00;BR-DEMO-01;20.768;3.396;0.284;38.129;0
2026-06-15 16:31:00;BR-DEMO-02;13.863;2.403;0.196;49.481;0
2026-06-15 16:32:00;BR-DEMO-03;18.307;2.326;0.204;33.978;0
2026-06-15 16:33:00;BR-DEMO-01;21.477;4.714;0.176;50.248;0
2026-06-15 16:34:00;BR-DEMO-02;16.521;1.914;0.108;35.164;0
2026-06-15 16:35:00;BR-DEMO-03;13.659;4.033;0.169;48.417;0
2026-06-15 16:36:00;BR-DEMO-01;17.073;2.896;0.218;44.709;0
2026-06-15 16:37:00;BR-DEMO-02;19.592;2.882;0.126;32.338;0
2026-06-15 16:38:00;BR-DEMO-03;12.067;2.843;0.154;33.425;0
2026-06-15 16:39:00;BR-DEMO-01;17.897;3.032;0.0;36.764;0
2026-06-15 16:40:00;BR-DEMO-02;19.222;3.232;0.069;46.426;0
2026-06-15 16:41:00;BR-DEMO-03;21.067;3.466;0.143;40.788;0
2026-06-15 16:42:00;BR-DEMO-01;16.112;3.281;0.164;50.665;0
2026-06-15 16:43:00;BR-DEMO-02;18.396;3.491;0.157;52.062;0
2026-06-15 16:44:00;BR-DEMO-03;20.612;2.517;0.023;58.891;0
2026-06-15 16:45:00;BR-DEMO-01;18.77;1.971;0.1;51.947;0
2026-06-15 16:46:00;BR-DEMO-02;17.161;2.693;0.248;35.574;0
2026-06-15 16:47:00;BR-DEMO-03;15.606;3.127;0.177;49.467;0
2026-06-15 16:48:00;BR-DEMO-01;20.734;3.119;0.184;42.667;0
2026-06-15 16:49:00;BR-DEMO-02;18.188;3.065;0.165;51.953;0
2026-06-15 16:50:00;BR-DEMO-03;19.665;3.027;0.093;45.609;0
2026-06-15 16:51:00;BR-DEMO-01;17.916;3.116;0.304;40.286;0
2026-06-15 16:52:00;BR-DEMO-02;19.267;3.641;0.157;66.041;0
2026-06-15 16:53:00;BR-DEMO-03;16.866;3.194;0.094;41.836;0
2026-06-15 16:54:00;BR-DEMO-01;18.747;3.508;0.172;56.332;0
2026-06-15 16:55:00;BR-DEMO-02;17.715;2.801;0.339;48.548;0
2026-06-15 16:56:00;BR-DEMO-03;15.842;2.583;0.084;53.429;0
2026-06-15 16:57:00;BR-DEMO-01;16.907;3.076;0.146;51.583;0
2026-06-15 16:58:00;BR-DEMO-02;15.46;2.355;0.166;50.409;0
2026-06-15 16:59:00;BR-DEMO-03;18.998;2.514;0.197;38.305;0
2026-06-15 17:00:00;BR-DEMO-01;16.435;2.434;0.241;50.701;0
2026-06-15 17:01:00;BR-DEMO-02;19.815;3.748;0.347;29.617;0
2026-06-15 17:02:00;BR-DEMO-03;15.785;2.63;0.09;35.302;0
2026-06-15 17:03:00;BR-DEMO-01;17.101;2.27;0.173;45.465;0
2026-06-15 17:04:00;BR-DEMO-02;19.443;3.305;0.192;41.639;0
2026-06-15 17:05:00;BR-DEMO-03;24.363;3.141;0.02;35.979;0
2026-06-15 17:06:00;BR-DEMO-01;12.778;3.01;0.141;40.784;0
2026-06-15 17:07:00;BR-DEMO-02;24.033;3.329;0.201;36.62;0
2026-06-15 17:08:00;BR-DEMO-03;15.003;3.022;0.162;28.293;0
2026-06-15 17:09:00;BR-DEMO-01;17.459;3.008;0.135;37.679;0
2026-06-15 17:10:00;BR-DEMO-02;16.381;2.894;0.156;50.443;0
2026-06-15 17:11:00;BR-DEMO-03;21.243;2.823;0.118;48.939;0
2026-06-15 17:12:00;BR-DEMO-01;19.833;2.739;0.205;53.816;0
2026-06-15 17:13:00;BR-DEMO-02;21.875;4.067;0.089;45.125;0
2026-06-15 17:14:00;BR-DEMO-03;18.034;2.941;0.105;31.63;0
2026-06-15 17:15:00;BR-DEMO-01;18.278;2.539;0.156;37.854;0
2026-06-15 17:16:00;BR-DEMO-02;14.701;3.141;0.161;50.214;0
2026-06-15 17:17:00;BR-DEMO-03;24.558;3.166;0.184;35.302;0
2026-06-15 17:18:00;BR-DEMO-01;14.139;3.95;0.085;35.605;0
2026-06-15 17:19:00;BR-DEMO-02;17.883;2.946;0.087;42.255;0
2026-06-15 17:20:00;BR-DEMO-03;21.688;2.516;0.052;53.483;0
2026-06-15 17:21:00;BR-DEMO-01;19.477;2.628;0.039;38.298;0
2026-06-15 17:22:00;BR-DEMO-02;17.836;3.699;0.077;44.239;0
2026-06-15 17:23:00;BR-DEMO-03;20.025;1.571;0.222;34.358;0
2026-06-15 17:24:00;BR-DEMO-01;18.996;3.148;0.226;49.958;0
2026-06-15 17:25:00;BR-DEMO-02;10.868;2.529;0.16;43.245;0
2026-06-15 17:26:00;BR-DEMO-03;19.433;3.474;0.193;43.072;0
2026-06-15 17:27:00;BR-DEMO-01;12.461;2.727;0.179;35.186;0
2026-06-15 17:28:00;BR-DEMO-02;19.894;3.545;0.159;17.426;0
2026-06-15 17:29:00;BR-DEMO-03;14.166;4.132;0.112;27.143;0
2026-06-15 17:30:00;BR-DEMO-01;21.706;3.008;0.227;47.493;0
2026-06-15 17:31:00;BR-DEMO-02;19.376;3.218;0.199;65.497;0
2026-06-15 17:32:00;BR-DEMO-03;20.913;2.052;0.181;55.273;0
2026-06-15 17:33:00;BR-DEMO-01;21.608;2.744;0.232;53.35;0
2026-06-15 17:34:00;BR-DEMO-02;25.718;2.55;0.114;42.245;0
2026-06-15 17:35:00;BR-DEMO-03;16.529;2.466;0.0;41.088;0
2026-06-15 17:36:00;BR-DEMO-01;19.108;2.704;0.285;45.12;0
2026-06-15 17:37:00;BR-DEMO-02;21.873;3.157;0.208;47.513;0
2026-06-15 17:38:00;BR-DEMO-03;22.106;3.034;0.185;48.297;0
2026-06-15 17:39:00;BR-DEMO-01;17.135;3.243;0.306;42.566;0
2026-06-15 17:40:00;BR-DEMO-02;19.258;3.755;0.23;45.105;0
2026-06-15 17:41:00;BR-DEMO-03;10.85;3.31;0.0;58.229;0
2026-06-15 17:42:00;BR-DEMO-01;18.508;3.6;0.087;31.027;0
2026-06-15 17:43:00;BR-DEMO-02;18.782;2.98;0.116;45.762;0
2026-06-15 17:44:00;BR-DEMO-03;26.302;3.501;0.223;52.595;0
2026-06-15 17:45:00;BR-DEMO-01;22.438;2.886;0.006;43.303;0
2026-06-15 17:46:00;BR-DEMO-02;20.435;2.418;0.138;38.774;0
2026-06-15 17:47:00;BR-DEMO-03;22.506;3.45;0.196;50.594;0
2026-06-15 17:48:00;BR-DEMO-01;17.888;3.119;0.067;25.322;0
2026-06-15 17:49:00;BR-DEMO-02;18.45;3.194;0.235;59.142;0
2026-06-15 17:50:00;BR-DEMO-03;22.71;2.401;0.125;49.323;0
2026-06-15 17:51:00;BR-DEMO-01;25.596;3.888;0.228;41.51;0
2026-06-15 17:52:00;BR-DEMO-02;15.35;3.473;0.073;42.854;0
2026-06-15 17:53:00;BR-DEMO-03;17.656;3.956;0.125;23.047;0
2026-06-15 17:54:00;BR-DEMO-01;19.513;2.581;0.153;44.22;0
2026-06-15 17:55:00;BR-DEMO-02;17.179;3.474;0.043;40.347;0
2026-06-15 17:56:00;BR-DEMO-03;20.052;2.632;0.037;51.017;0
2026-06-15 17:57:00;BR-DEMO-01;21.369;2.973;0.013;51.354;0
2026-06-15 17:58:00;BR-DEMO-02;13.02;3.185;0.088;34.561;0
2026-06-15 17:59:00;BR-DEMO-03;16.674;2.89;0.105;50.298;0
2026-06-15 18:00:00;BR-DEMO-01;16.662;3.588;0.17;38.722;0
2026-06-15 18:01:00;BR-DEMO-02;15.402;2.012;0.17;41.809;0
2026-06-15 18:02:00;BR-DEMO-03;10.883;2.679;0.087;59.181;0
2026-06-15 18:03:00;BR-DEMO-01;12.892;2.135;0.228;57.211;0
2026-06-15 18:04:00;BR-DEMO-02;15.765;2.621;0.193;24.056;0
2026-06-15 18:05:00;BR-DEMO-03;12.416;2.832;0.258;41.078;0
2026-06-15 18:06:00;BR-DEMO-01;18.303;3.68;0.297;39.808;0
2026-06-15 18:07:00;BR-DEMO-02;17.949;4.093;0.043;54.248;0
2026-06-15 18:08:00;BR-DEMO-03;14.945;3.061;0.133;36.378;0
2026-06-15 18:09:00;BR-DEMO-01;15.051;3.166;0.22;43.832;0
2026-06-15 18:10:00;BR-DEMO-02;18.21;3.343;0.082;51.657;0
2026-06-15 18:11:00;BR-DEMO-03;20.458;4.562;0.124;40.877;0
2026-06-15 18:12:00;BR-DEMO-01;20.307;3.491;0.113;41.372;0
2026-06-15 18:13:00;BR-DEMO-02;19.623;2.503;0.121;45.806;0
2026-06-15 18:14:00;BR-DEMO-03;20.988;2.637;0.021;27.751;0
2026-06-15 18:15:00;BR-DEMO-01;14.222;2.212;0.139;34.3;0
2026-06-15 18:16:00;BR-DEMO-02;15.892;2.536;0.119;56.903;0
2026-06-15 18:17:00;BR-DEMO-03;19.986;3.01;0.118;41.101;0
2026-06-15 18:18:00;BR-DEMO-01;18.983;3.351;0.086;45.328;0
2026-06-15 18:19:00;BR-DEMO-02;11.905;3.127;0.203;42.479;0
2026-06-15 18:20:00;BR-DEMO-03;23.45;2.471;0.165;44.678;0
2026-06-15 18:21:00;BR-DEMO-01;17.699;2.931;0.157;52.632;0
2026-06-15 18:22:00;BR-DEMO-02;22.133;2.999;0.207;38.684;0
2026-06-15 18:23:00;BR-DEMO-03;20.298;2.543;0.226;64.896;0
2026-06-15 18:24:00;BR-DEMO-01;17.634;1.684;0.112;56.087;0
2026-06-15 18:25:00;BR-DEMO-02;19.659;3.149;0.221;49.36;0
2026-06-15 18:26:00;BR-DEMO-03;21.653;3.552;0.257;48.229;0
2026-06-15 18:27:00;BR-DEMO-01;20.716;2.816;0.108;60.361;0
2026-06-15 18:28:00;BR-DEMO-02;18.649;3.483;0.159;39.721;0
2026-06-15 18:29:00;BR-DEMO-03;18.033;3.862;0.189;29.597;0
2026-06-15 18:30:00;BR-DEMO-01;17.354;4.069;0.135;28.796;0
2026-06-15 18:31:00;BR-DEMO-02;23.679;3.409;0.145;41.657;0
2026-06-15 18:32:00;BR-DEMO-03;21.247;2.675;0.23;49.88;0
2026-06-15 18:33:00;BR-DEMO-01;18.734;3.087;0.138;54.411;0
2026-06-15 18:34:00;BR-DEMO-02;15.404;2.027;0.193;50.681;0
2026-06-15 18:35:00;BR-DEMO-03;19.441;3.245;0.128;52.087;0
2026-06-15 18:36:00;BR-DEMO-01;17.863;2.708;0.128;63.186;0
2026-06-15 18:37:00;BR-DEMO-02;12.795;3.3;0.032;44.026;0
2026-06-15 18:38:00;BR-DEMO-03;16.699;1.749;0.177;41.58;0
2026-06-15 18:39:00;BR-DEMO-01;11.702;3.504;0.25;58.411;0
2026-06-15 18:40:00;BR-DEMO-02;19.077;3.028;0.243;60.141;0
2026-06-15 18:41:00;BR-DEMO-03;21.401;2.435;0.164;48.956;0
2026-06-15 18:42:00;BR-DEMO-01;12.571;3.282;0.309;50.759;0
2026-06-15 18:43:00;BR-DEMO-02;22.42;3.11;0.145;48.431;0
2026-06-15 18:44:00;BR-DEMO-03;15.553;2.422;0.239;57.351;0
2026-06-15 18:45:00;BR-DEMO-01;15.027;3.581;0.144;48.058;0
2026-06-15 18:46:00;BR-DEMO-02;19.381;3.597;0.156;57.691;0
2026-06-15 18:47:00;BR-DEMO-03;18.928;3.375;0.092;64.428;0
2026-06-15 18:48:00;BR-DEMO-01;19.409;3.428;0.037;37.596;0
2026-06-15 18:49:00;BR-DEMO-02;21.714;3.172;0.016;54.345;0
2026-06-15 18:50:00;BR-DEMO-03;16.369;3.847;0.144;46.842;0
2026-06-15 18:51:00;BR-DEMO-01;21.537;2.462;0.081;43.232;0
2026-06-15 18:52:00;BR-DEMO-02;20.482;2.201;0.033;52.413;0
2026-06-15 18:53:00;BR-DEMO-03;16.191;2.765;0.02;38.889;0
2026-06-15 18:54:00;BR-DEMO-01;17.977;3.558;0.096;59.916;0
2026-06-15 18:55:00;BR-DEMO-02;15.946;2.59;0.258;46.903;0
2026-06-15 18:56:00;BR-DEMO-03;16.344;2.907;0.245;58.196;0
2026-06-15 18:57:00;BR-DEMO-01;15.55;2.975;0.156;36.124;0
2026-06-15 18:58:00;BR-DEMO-02;17.833;3.003;0.23;55.867;0
2026-06-15 18:59:00;BR-DEMO-03;17.012;2.872;0.197;39.733;0
2026-06-15 19:00:00;BR-DEMO-01;19.766;2.947;0.082;36.388;0
2026-06-15 19:01:00;BR-DEMO-02;22.341;2.906;0.265;40.377;0
2026-06-15 19:02:00;BR-DEMO-03;18.874;4.436;0.076;27.92;0
2026-06-15 19:03:00;BR-DEMO-01;21.86;2.504;0.149;39.727;0
2026-06-15 19:04:00;BR-DEMO-02;18.804;2.43;0.137;49.048;0
2026-06-15 19:05:00;BR-DEMO-03;14.975;2.58;0.126;32.141;0
2026-06-15 19:06:00;BR-DEMO-01;16.732;3.071;0.122;42.558;0
2026-06-15 19:07:00;BR-DEMO-02;17.94;2.607;0.198;57.924;0
2026-06-15 19:08:00;BR-DEMO-03;16.607;3.291;0.133;48.289;0
2026-06-15 19:09:00;BR-DEMO-01;22.697;3.305;0.026;49.086;0
2026-06-15 19:10:00;BR-DEMO-02;21.699;2.867;0.22;38.789;0
2026-06-15 19:11:00;BR-DEMO-03;13.543;3.085;0.027;42.842;0
2026-06-15 19:12:00;BR-DEMO-01;21.861;1.854;0.06;35.712;0
2026-06-15 19:13:00;BR-DEMO-02;17.81;2.781;0.248;53.589;0
2026-06-15 19:14:00;BR-DEMO-03;19.486;3.087;0.178;37.242;0
2026-06-15 19:15:00;BR-DEMO-01;20.572;2.333;0.208;55.675;0
2026-06-15 19:16:00;BR-DEMO-02;18.633;2.894;0.178;19.246;0
2026-06-15 19:17:00;BR-DEMO-03;18.907;2.932;0.146;51.359;0
2026-06-15 19:18:00;BR-DEMO-01;17.776;2.316;0.14;45.608;0
2026-06-15 19:19:00;BR-DEMO-02;18.345;3.097;0.223;35.226;0
2026-06-15 19:20:00;BR-DEMO-03;18.527;3.774;0.029;46.617;0
2026-06-15 19:21:00;BR-DEMO-01;16.244;2.778;0.087;43.474;0
2026-06-15 19:22:00;BR-DEMO-02;23.524;2.241;0.068;33.283;0
2026-06-15 19:23:00;BR-DEMO-03;23.182;2.723;0.148;41.375;0
2026-06-15 19:24:00;BR-DEMO-01;15.167;2.859;0.322;57.529;0
2026-06-15 19:25:00;BR-DEMO-02;15.441;3.389;0.092;29.013;0
2026-06-15 19:26:00;BR-DEMO-03;21.059;3.696;0.223;40.771;0
2026-06-15 19:27:00;BR-DEMO-01;17.5;3.45;0.177;41.457;0
2026-06-15 19:28:00;BR-DEMO-02;13.143;3.068;0.226;34.222;0
2026-06-15 19:29:00;BR-DEMO-03;19.916;3.199;0.203;52.848;0
2026-06-15 19:30:00;BR-DEMO-01;15.917;2.03;0.113;53.002;0
2026-06-15 19:31:00;BR-DEMO-02;16.374;2.584;0.023;60.774;0
2026-06-15 19:32:00;BR-DEMO-03;20.477;3.462;0.218;50.19;0
2026-06-15 19:33:00;BR-DEMO-01;17.267;2.902;0.12;68.713;0
2026-06-15 19:34:00;BR-DEMO-02;19.668;2.722;0.183;35.902;0
2026-06-15 19:35:00;BR-DEMO-03;22.514;2.603;0.185;54.594;0
2026-06-15 19:36:00;BR-DEMO-01;19.154;3.057;0.151;44.492;0
2026-06-15 19:37:00;BR-DEMO-02;16.27;2.73;0.254;44.023;0
2026-06-15 19:38:00;BR-DEMO-03;15.643;2.69;0.227;51.08;0
2026-06-15 19:39:00;BR-DEMO-01;19.681;2.845;0.19;39.208;0
2026-06-15 19:40:00;BR-DEMO-02;17.221;3.582;0.211;36.163;0
2026-06-15 19:41:00;BR-DEMO-03;15.433;3.065;0.271;27.76;0
2026-06-15 19:42:00;BR-DEMO-01;18.835;2.174;0.106;41.72;0
2026-06-15 19:43:00;BR-DEMO-02;16.738;2.68;0.151;40.183;0
2026-06-15 19:44:00;BR-DEMO-03;13.613;3.468;0.203;52.589;0
2026-06-15 19:45:00;BR-DEMO-01;13.378;3.179;0.197;35.719;0
2026-06-15 19:46:00;BR-DEMO-02;18.028;2.93;0.279;62.32;0
2026-06-15 19:47:00;BR-DEMO-03;13.007;4.496;0.086;53.826;0
2026-06-15 19:48:00;BR-DEMO-01;20.911;2.403;0.185;44.032;0
2026-06-15 19:49:00;BR-DEMO-02;19.663;3.138;0.234;45.679;0
2026-06-15 19:50:00;BR-DEMO-03;17.496;3.658;0.191;51.586;0
2026-06-15 19:51:00;BR-DEMO-01;16.006;2.373;0.11;39.413;0
2026-06-15 19:52:00;BR-DEMO-02;20.359;3.586;0.139;57.878;0
2026-06-15 19:53:00;BR-DEMO-03;22.105;3.146;0.092;59.178;0
2026-06-15 19:54:00;BR-DEMO-01;17.817;3.076;0.126;36.992;0
2026-06-15 19:55:00;BR-DEMO-02;13.594;3.38;0.095;72.536;0
2026-06-15 19:56:00;BR-DEMO-03;14.742;2.246;0.186;58.764;0
2026-06-15 19:57:00;BR-DEMO-01;18.194;3.343;0.021;38.902;0
2026-06-15 19:58:00;BR-DEMO-02;14.779;1.863;0.158;24.815;0
2026-06-15 19:59:00;BR-DEMO-03;14.033;2.678;0.092;48.568;0
2026-06-15 20:00:00;BR-DEMO-01;18.917;3.536;0.203;55.267;0
2026-06-15 20:01:00;BR-DEMO-02;17.994;3.182;0.186;46.275;0
2026-06-15 20:02:00;BR-DEMO-03;16.808;2.801;0.093;48.795;0
2026-06-15 20:03:00;BR-DEMO-01;17.718;2.602;0.104;34.106;0
2026-06-15 20:04:00;BR-DEMO-02;20.937;3.047;0.09;52.277;0
2026-06-15 20:05:00;BR-DEMO-03;16.319;2.156;0.221;40.166;0
2026-06-15 20:06:00;BR-DEMO-01;16.773;3.025;0.23;45.18;0
2026-06-15 20:07:00;BR-DEMO-02;14.403;3.326;0.116;61.991;0
2026-06-15 20:08:00;BR-DEMO-03;17.997;1.659;0.175;62.501;0
2026-06-15 20:09:00;BR-DEMO-01;22.728;4.099;0.079;53.209;0
2026-06-15 20:10:00;BR-DEMO-02;15.834;3.135;0.061;39.2;0
2026-06-15 20:11:00;BR-DEMO-03;15.971;3.539;0.206;47.491;0
2026-06-15 20:12:00;BR-DEMO-01;13.949;2.813;0.098;52.827;0
2026-06-15 20:13:00;BR-DEMO-02;21.535;3.634;0.097;20.344;0
2026-06-15 20:14:00;BR-DEMO-03;12.699;3.853;0.122;38.243;0
2026-06-15 20:15:00;BR-DEMO-01;22.928;3.759;0.152;42.359;0
2026-06-15 20:16:00;BR-DEMO-02;17.604;3.136;0.262;48.802;0
2026-06-15 20:17:00;BR-DEMO-03;20.178;3.702;0.068;51.794;0
2026-06-15 20:18:00;BR-DEMO-01;17.116;1.49;0.001;35.837;0
2026-06-15 20:19:00;BR-DEMO-02;19.594;3.068;0.163;62.558;0
2026-06-15 20:20:00;BR-DEMO-03;14.193;2.984;0.171;38.374;0
2026-06-15 20:21:00;BR-DEMO-01;18.085;2.04;0.249;38.865;0
2026-06-15 20:22:00;BR-DEMO-02;24.094;2.981;0.222;44.52;0
2026-06-15 20:23:00;BR-DEMO-03;17.908;2.65;0.158;47.862;0
2026-06-15 20:24:00;BR-DEMO-01;15.647;2.925;0.107;65.697;0
2026-06-15 20:25:00;BR-DEMO-02;17.731;3.927;0.136;47.334;0
2026-06-15 20:26:00;BR-DEMO-03;14.036;2.732;0.165;59.274;0
2026-06-15 20:27:00;BR-DEMO-01;18.666;3.83;0.195;59.647;0
2026-06-15 20:28:00;BR-DEMO-02;17.823;4.434;0.116;38.102;0
2026-06-15 20:29:00;BR-DEMO-03;14.37;4.399;0.207;41.993;0
2026-06-15 20:30:00;BR-DEMO-01;21.747;3.413;0.288;31.07;0
2026-06-15 20:31:00;BR-DEMO-02;17.204;2.722;0.012;54.543;0
2026-06-15 20:32:00;BR-DEMO-03;17.189;3.444;0.315;41.821;0
2026-06-15 20:33:00;BR-DEMO-01;16.737;3.071;0.219;39.9;0
2026-06-15 20:34:00;BR-DEMO-02;16.107;3.634;0.177;26.597;0
2026-06-15 20:35:00;BR-DEMO-03;14.324;3.901;0.178;38.14;0
2026-06-15 20:36:00;BR-DEMO-01;17.489;3.008;0.202;32.776;0
2026-06-15 20:37:00;BR-DEMO-02;15.477;3.164;0.143;50.147;0
2026-06-15 20:38:00;BR-DEMO-03;14.311;3.214;0.226;49.381;0
2026-06-15 20:39:00;BR-DEMO-01;18.417;2.942;0.092;44.352;0
2026-06-15 20:40:00;BR-DEMO-02;21.779;2.929;0.088;40.57;0
2026-06-15 20:41:00;BR-DEMO-03;18.603;2.776;0.184;49.706;0
2026-06-15 20:42:00;BR-DEMO-01;20.667;3.854;0.22;36.592;0
2026-06-15 20:43:00;BR-DEMO-02;15.289;2.955;0.118;34.755;0
2026-06-15 20:44:00;BR-DEMO-03;16.675;2.715;0.103;42.158;0
2026-06-15 20:45:00;BR-DEMO-01;21.535;3.12;0.323;46.535;0
2026-06-15 20:46:00;BR-DEMO-02;17.13;3.002;0.168;48.917;0
2026-06-15 20:47:00;BR-DEMO-03;24.23;2.493;0.21;46.87;0
2026-06-15 20:48:00;BR-DEMO-01;13.287;3.462;0.239;37.285;0
2026-06-15 20:49:00;BR-DEMO-02;17.973;1.965;0.062;54.432;0
2026-06-15 20:50:00;BR-DEMO-03;16.601;2.335;0.166;40.298;0
2026-06-15 20:51:00;BR-DEMO-01;16.588;3.444;0.069;36.852;0
2026-06-15 20:52:00;BR-DEMO-02;18.462;3.582;0.237;39.014;0
2026-06-15 20:53:00;BR-DEMO-03;20.812;2.53;0.278;34.796;0
2026-06-15 20:54:00;BR-DEMO-01;21.985;2.606;0.291;50.322;0
2026-06-15 20:55:00;BR-DEMO-02;14.952;2.687;0.205;54.474;0
2026-06-15 20:56:00;BR-DEMO-03;17.788;3.027;0.203;46.186;0
2026-06-15 20:57:00;BR-DEMO-01;14.119;2.512;0.166;55.939;0
2026-06-15 20:58:00;BR-DEMO-02;22.848;3.468;0.17;51.739;0
2026-06-15 20:59:00;BR-DEMO-03;16.0;2.908;0.092;33.761;0
2026-06-15 21:00:00;BR-DEMO-01;19.001;3.111;0.198;49.915;0
2026-06-15 21:01:00;BR-DEMO-02;18.728;3.334;0.147;48.716;0
2026-06-15 21:02:00;BR-DEMO-03;15.822;3.222;0.197;38.973;0
2026-06-15 21:03:00;BR-DEMO-01;18.155;2.626;0.113;34.876;0
2026-06-15 21:04:00;BR-DEMO-02;21.797;3.639;0.188;62.75;0
2026-06-15 21:05:00;BR-DEMO-03;17.432;4.819;0.134;47.297;0
2026-06-15 21:06:00;BR-DEMO-01;16.807;3.223;0.208;43.975;0
2026-06-15 21:07:00;BR-DEMO-02;23.33;3.143;0.169;36.819;0
2026-06-15 21:08:00;BR-DEMO-03;19.255;2.92;0.107;38.012;0
2026-06-15 21:09:00;BR-DEMO-01;26.015;2.842;0.048;38.716;0
2026-06-15 21:10:00;BR-DEMO-02;17.845;3.328;0.189;51.09;0
2026-06-15 21:11:00;BR-DEMO-03;16.065;3.204;0.089;39.423;0
2026-06-15 21:12:00;BR-DEMO-01;15.247;2.287;0.224;51.198;0
2026-06-15 21:13:00;BR-DEMO-02;20.93;3.024;0.204;29.148;0
2026-06-15 21:14:00;BR-DEMO-03;20.589;3.106;0.194;48.42;0
2026-06-15 21:15:00;BR-DEMO-01;15.039;2.101;0.1;50.084;0
2026-06-15 21:16:00;BR-DEMO-02;20.07;2.179;0.081;38.491;0
2026-06-15 21:17:00;BR-DEMO-03;16.928;2.183;0.05;37.603;0
2026-06-15 21:18:00;BR-DEMO-01;18.259;2.292;0.142;54.527;0
2026-06-15 21:19:00;BR-DEMO-02;14.095;2.876;0.222;41.236;0
2026-06-15 21:20:00;BR-DEMO-03;16.279;3.698;0.129;54.94;0
2026-06-15 21:21:00;BR-DEMO-01;19.287;2.794;0.184;47.884;0
2026-06-15 21:22:00;BR-DEMO-02;21.063;2.671;0.153;44.446;0
2026-06-15 21:23:00;BR-DEMO-03;20.112;2.385;0.221;49.197;0
2026-06-15 21:24:00;BR-DEMO-01;14.049;3.725;0.306;54.017;0
2026-06-15 21:25:00;BR-DEMO-02;22.281;3.051;0.034;28.403;0
2026-06-15 21:26:00;BR-DEMO-03;18.765;2.645;0.086;44.435;0
2026-06-15 21:27:00;BR-DEMO-01;19.847;2.128;0.119;58.589;0
2026-06-15 21:28:00;BR-DEMO-02;14.774;3.522;0.116;49.912;0
2026-06-15 21:29:00;BR-DEMO-03;21.292;3.445;0.214;34.636;0
2026-06-15 21:30:00;BR-DEMO-01;21.341;2.488;0.168;47.324;0
2026-06-15 21:31:00;BR-DEMO-02;19.455;3.202;0.091;32.851;0
2026-06-15 21:32:00;BR-DEMO-03;20.617;3.112;0.23;44.597;0
2026-06-15 21:33:00;BR-DEMO-01;13.785;3.58;0.124;48.078;0
2026-06-15 21:34:00;BR-DEMO-02;16.058;3.987;0.089;41.963;0
2026-06-15 21:35:00;BR-DEMO-03;18.322;2.345;0.173;59.507;0
2026-06-15 21:36:00;BR-DEMO-01;16.529;3.237;0.0;44.65;0
2026-06-15 21:37:00;BR-DEMO-02;17.061;2.509;0.226;42.064;0
2026-06-15 21:38:00;BR-DEMO-03;17.468;2.774;0.016;34.812;0
2026-06-15 21:39:00;BR-DEMO-01;20.883;1.734;0.096;41.403;0
2026-06-15 21:40:00;BR-DEMO-02;23.231;3.461;0.111;56.741;0
2026-06-15 21:41:00;BR-DEMO-03;15.778;3.605;0.055;54.659;0
2026-06-15 21:42:00;BR-DEMO-01;16.782;2.383;0.135;47.496;0
2026-06-15 21:43:00;BR-DEMO-02;16.516;3.332;0.109;50.583;0
2026-06-15 21:44:00;BR-DEMO-03;19.327;2.963;0.119;46.364;0
2026-06-15 21:45:00;BR-DEMO-01;19.651;4.237;0.216;53.784;0
2026-06-15 21:46:00;BR-DEMO-02;27.266;3.31;0.184;51.336;0
2026-06-15 21:47:00;BR-DEMO-03;14.973;2.734;0.115;50.829;0
2026-06-15 21:48:00;BR-DEMO-01;17.477;3.083;0.226;52.768;0
2026-06-15 21:49:00;BR-DEMO-02;17.515;2.598;0.229;51.965;0
2026-06-15 21:50:00;BR-DEMO-03;13.181;2.812;0.162;52.009;0
2026-06-15 21:51:00;BR-DEMO-01;20.73;3.17;0.191;45.577;0
2026-06-15 21:52:00;BR-DEMO-02;15.978;2.843;0.151;44.688;0
2026-06-15 21:53:00;BR-DEMO-03;12.343;2.762;0.154;42.468;0
2026-06-15 21:54:00;BR-DEMO-01;17.26;3.293;0.074;30.348;0
2026-06-15 21:55:00;BR-DEMO-02;16.955;3.458;0.268;52.039;0
2026-06-15 21:56:00;BR-DEMO-03;13.595;2.861;0.168;46.598;0
2026-06-15 21:57:00;BR-DEMO-01;19.618;2.45;0.155;48.783;0
2026-06-15 21:58:00;BR-DEMO-02;20.477;2.517;0.126;20.666;0
2026-06-15 21:59:00;BR-DEMO-03;16.136;2.685;0.079;46.491;0
2026-06-15 22:00:00;BR-DEMO-01;17.832;1.644;0.165;36.645;0
2026-06-15 22:01:00;BR-DEMO-02;19.457;2.231;0.152;42.452;0
2026-06-15 22:02:00;BR-DEMO-03;18.909;3.075;0.132;31.174;0
2026-06-15 22:03:00;BR-DEMO-01;13.568;2.65;0.149;39.526;0
2026-06-15 22:04:00;BR-DEMO-02;19.876;2.832;0.082;42.497;0
2026-06-15 22:05:00;BR-DEMO-03;18.678;3.195;0.281;38.98;0
2026-06-15 22:06:00;BR-DEMO-01;17.78;3.256;0.148;40.494;0
2026-06-15 22:07:00;BR-DEMO-02;13.352;2.693;0.075;29.461;0
2026-06-15 22:08:00;BR-DEMO-03;15.613;2.372;0.191;50.41;0
2026-06-15 22:09:00;BR-DEMO-01;15.288;2.844;0.02;40.551;0
2026-06-15 22:10:00;BR-DEMO-02;19.197;3.495;0.1;54.467;0
2026-06-15 22:11:00;BR-DEMO-03;13.453;2.251;0.2;60.04;0
2026-06-15 22:12:00;BR-DEMO-01;19.48;2.976;0.0;26.798;0
2026-06-15 22:13:00;BR-DEMO-02;18.388;2.785;0.073;45.59;0
2026-06-15 22:14:00;BR-DEMO-03;18.345;3.567;0.16;56.056;0
2026-06-15 22:15:00;BR-DEMO-01;18.024;2.931;0.225;36.194;0
2026-06-15 22:16:00;BR-DEMO-02;26.443;3.225;0.177;49.726;0
2026-06-15 22:17:00;BR-DEMO-03;23.631;3.476;0.038;57.631;0
2026-06-15 22:18:00;BR-DEMO-01;16.977;3.064;0.06;49.736;0
2026-06-15 22:19:00;BR-DEMO-02;16.046;3.06;0.13;62.325;0
2026-06-15 22:20:00;BR-DEMO-03;23.947;3.028;0.154;41.639;0
2026-06-15 22:21:00;BR-DEMO-01;21.318;2.803;0.121;53.807;0
2026-06-15 22:22:00;BR-DEMO-02;16.385;2.977;0.039;51.338;0
2026-06-15 22:23:00;BR-DEMO-03;23.823;3.433;0.252;37.385;0
2026-06-15 22:24:00;BR-DEMO-01;18.709;2.434;0.134;51.95;0
2026-06-15 22:25:00;BR-DEMO-02;18.305;2.152;0.058;32.57;0
2026-06-15 22:26:00;BR-DEMO-03;19.474;4.238;0.245;27.936;0
2026-06-15 22:27:00;BR-DEMO-01;22.263;3.562;0.042;42.271;0
2026-06-15 22:28:00;BR-DEMO-02;21.287;3.33;0.058;50.497;0
2026-06-15 22:29:00;BR-DEMO-03;11.587;2.866;0.23;45.166;0
2026-06-15 22:30:00;BR-DEMO-01;16.503;3.534;0.218;56.79;0
2026-06-15 22:31:00;BR-DEMO-02;20.623;3.649;0.201;47.39;0
2026-06-15 22:32:00;BR-DEMO-03;18.269;2.858;0.065;36.402;0
2026-06-15 22:33:00;BR-DEMO-01;17.154;3.145;0.251;44.624;0
2026-06-15 22:34:00;BR-DEMO-02;21.01;3.648;0.134;50.352;0
2026-06-15 22:35:00;BR-DEMO-03;17.269;3.793;0.195;34.286;0
2026-06-15 22:36:00;BR-DEMO-01;18.485;3.989;0.137;49.029;0
2026-06-15 22:37:00;BR-DEMO-02;19.638;2.378;0.186;32.455;0
2026-06-15 22:38:00;BR-DEMO-03;16.123;3.645;0.175;42.26;0
2026-06-15 22:39:00;BR-DEMO-01;19.339;2.964;0.151;50.911;0
2026-06-15 22:40:00;BR-DEMO-02;15.818;3.024;0.128;30.73;0
2026-06-15 22:41:00;BR-DEMO-03;15.239;3.941;0.177;33.088;0
2026-06-15 22:42:00;BR-DEMO-01;13.379;2.933;0.259;43.319;0
2026-06-15 22:43:00;BR-DEMO-02;21.921;3.211;0.183;32.979;0
2026-06-15 22:44:00;BR-DEMO-03;20.813;2.799;0.21;37.672;0
2026-06-15 22:45:00;BR-DEMO-01;18.531;3.211;0.139;48.641;0
2026-06-15 22:46:00;BR-DEMO-02;17.201;2.611;0.262;54.441;0
2026-06-15 22:47:00;BR-DEMO-03;15.717;3.341;0.098;34.338;0
2026-06-15 22:48:00;BR-DEMO-01;21.101;1.978;0.215;42.725;0
2026-06-15 22:49:00;BR-DEMO-02;17.365;3.246;0.191;37.563;0
2026-06-15 22:50:00;BR-DEMO-03;20.153;3.068;0.062;43.471;0
2026-06-15 22:51:00;BR-DEMO-01;22.144;4.006;0.2;34.287;0
2026-06-15 22:52:00;BR-DEMO-02;19.472;3.511;0.201;52.065;0
2026-06-15 22:53:00;BR-DEMO-03;19.09;2.957;0.107;27.919;0
2026-06-15 22:54:00;BR-DEMO-01;19.019;3.112;0.189;32.962;0
2026-06-15 22:55:00;BR-DEMO-02;19.935;4.233;0.155;44.445;0
2026-06-15 22:56:00;BR-DEMO-03;18.927;4.219;0.078;46.829;0
2026-06-15 22:57:00;BR-DEMO-01;15.601;2.672;0.147;57.126;0
2026-06-15 22:58:00;BR-DEMO-02;23.403;3.269;0.124;67.435;0
2026-06-15 22:59:00;BR-DEMO-03;16.717;2.657;0.026;57.565;0
2026-06-15 23:00:00;BR-DEMO-01;20.905;4.451;0.053;58.124;0
2026-06-15 23:01:00;BR-DEMO-02;18.21;3.484;0.035;58.213;0
2026-06-15 23:02:00;BR-DEMO-03;20.36;2.977;0.195;38.111;0
2026-06-15 23:03:00;BR-DEMO-01;16.262;2.722;0.02;52.756;0
2026-06-15 23:04:00;BR-DEMO-02;21.575;2.579;0.174;42.61;0
2026-06-15 23:05:00;BR-DEMO-03;18.985;2.623;0.088;54.469;0
2026-06-15 23:06:00;BR-DEMO-01;17.808;4.213;0.153;36.665;0
2026-06-15 23:07:00;BR-DEMO-02;21.681;3.378;0.201;55.715;0
2026-06-15 23:08:00;BR-DEMO-03;16.042;2.924;0.138;33.383;0
2026-06-15 23:09:00;BR-DEMO-01;17.209;3.802;0.167;32.885;0
2026-06-15 23:10:00;BR-DEMO-02;13.332;3.999;0.144;39.173;0
2026-06-15 23:11:00;BR-DEMO-03;17.178;2.114;0.25;41.463;0
2026-06-15 23:12:00;BR-DEMO-01;22.102;3.031;0.25;47.31;0
2026-06-15 23:13:00;BR-DEMO-02;20.56;3.431;0.194;48.131;0
2026-06-15 23:14:00;BR-DEMO-03;17.301;4.149;0.087;45.039;0
2026-06-15 23:15:00;BR-DEMO-01;18.045;3.241;0.12;47.833;0
2026-06-15 23:16:00;BR-DEMO-02;17.493;2.051;0.151;35.095;0
2026-06-15 23:17:00;BR-DEMO-03;12.797;3.082;0.184;49.74;0
2026-06-15 23:18:00;BR-DEMO-01;19.702;1.84;0.055;62.762;0
2026-06-15 23:19:00;BR-DEMO-02;14.858;3.367;0.102;45.717;0
2026-06-15 23:20:00;BR-DEMO-03;16.1;3.337;0.16;40.965;0
2026-06-15 23:21:00;BR-DEMO-01;14.849;3.161;0.065;48.847;0
2026-06-15 23:22:00;BR-DEMO-02;25.879;3.81;0.2;44.23;0
2026-06-15 23:23:00;BR-DEMO-03;12.184;2.207;0.24;37.892;0
2026-06-15 23:24:00;BR-DEMO-01;15.902;2.901;0.076;33.959;0
2026-06-15 23:25:00;BR-DEMO-02;17.849;2.465;0.098;37.969;0
2026-06-15 23:26:00;BR-DEMO-03;19.567;2.861;0.137;50.373;0
2026-06-15 23:27:00;BR-DEMO-01;17.574;2.833;0.183;51.014;0
2026-06-15 23:28:00;BR-DEMO-02;17.559;3.048;0.095;37.254;0
2026-06-15 23:29:00;BR-DEMO-03;20.307;3.267;0.182;47.528;0
2026-06-15 23:30:00;BR-DEMO-01;18.139;3.418;0.215;53.201;0
2026-06-15 23:31:00;BR-DEMO-02;17.698;3.832;0.166;50.691;0
2026-06-15 23:32:00;BR-DEMO-03;18.846;3.148;0.098;51.312;0
2026-06-15 23:33:00;BR-DEMO-01;26.536;2.775;0.155;40.984;0
2026-06-15 23:34:00;BR-DEMO-02;16.536;3.927;0.103;40.733;0
2026-06-15 23:35:00;BR-DEMO-03;13.238;2.545;0.03;50.686;0
2026-06-15 23:36:00;BR-DEMO-01;26.399;2.78;0.033;53.1;0
2026-06-15 23:37:00;BR-DEMO-02;15.819;3.78;0.13;39.314;0
2026-06-15 23:38:00;BR-DEMO-03;17.466;3.455;0.134;40.529;0
2026-06-15 23:39:00;BR-DEMO-01;17.404;2.237;0.178;28.919;0
2026-06-15 23:40:00;BR-DEMO-02;16.668;3.456;0.171;50.313;0
2026-06-15 23:41:00;BR-DEMO-03;17.805;3.702;0.215;49.015;0
2026-06-15 23:42:00;BR-DEMO-01;20.783;3.45;0.119;32.905;0
2026-06-15 23:43:00;BR-DEMO-02;19.261;3.328;0.226;36.573;0
2026-06-15 23:44:00;BR-DEMO-03;15.281;3.276;0.145;28.028;0
2026-06-15 23:45:00;BR-DEMO-01;19.125;1.889;0.084;57.165;0
2026-06-15 23:46:00;BR-DEMO-02;23.475;2.271;0.127;45.384;0
2026-06-15 23:47:00;BR-DEMO-03;23.344;2.704;0.117;58.939;0
2026-06-15 23:48:00;BR-DEMO-01;16.876;3.433;0.047;43.459;0
2026-06-15 23:49:00;BR-DEMO-02;13.021;2.367;0.209;44.551;0
2026-06-15 23:50:00;BR-DEMO-03;17.043;2.551;0.135;47.71;0
2026-06-15 23:51:00;BR-DEMO-01;20.949;1.425;0.092;46.432;0
2026-06-15 23:52:00;BR-DEMO-02;17.703;3.242;0.169;42.256;0
2026-06-15 23:53:00;BR-DEMO-03;16.419;2.853;0.23;38.412;0
2026-06-15 23:54:00;BR-DEMO-01;17.812;3.11;0.259;42.297;0
2026-06-15 23:55:00;BR-DEMO-02;20.876;3.739;0.146;43.104;0
2026-06-15 23:56:00;BR-DEMO-03;17.013;2.847;0.21;47.079;0
2026-06-15 23:57:00;BR-DEMO-01;18.706;2.325;0.082;64.291;0
2026-06-15 23:58:00;BR-DEMO-02;17.467;2.535;0.25;47.536;0
2026-06-15 23:59:00;BR-DEMO-03;19.734;2.917;0.128;43.474;0
2026-06-16 00:00:00;BR-DEMO-01;13.852;2.947;0.171;61.654;0
2026-06-16 00:01:00;BR-DEMO-02;18.258;1.599;0.143;69.656;0
2026-06-16 00:02:00;BR-DEMO-03;20.599;2.513;0.191;38.322;0
2026-06-16 00:03:00;BR-DEMO-01;13.939;2.791;0.156;28.151;0
2026-06-16 00:04:00;BR-DEMO-02;14.553;3.006;0.121;48.553;0
2026-06-16 00:05:00;BR-DEMO-03;14.356;3.428;0.067;59.785;0
2026-06-16 00:06:00;BR-DEMO-01;12.853;2.344;0.179;59.978;0
2026-06-16 00:07:00;BR-DEMO-02;18.945;3.338;0.151;35.762;0
2026-06-16 00:08:00;BR-DEMO-03;16.53;2.273;0.06;48.616;0
2026-06-16 00:09:00;BR-DEMO-01;14.63;3.192;0.059;47.667;0
2026-06-16 00:10:00;BR-DEMO-02;16.534;3.844;0.173;56.122;0
2026-06-16 00:11:00;BR-DEMO-03;15.733;3.034;0.081;41.278;0
2026-06-16 00:12:00;BR-DEMO-01;17.214;2.564;0.065;32.278;0
2026-06-16 00:13:00;BR-DEMO-02;10.981;2.366;0.194;30.614;0
2026-06-16 00:14:00;BR-DEMO-03;13.896;4.075;0.105;47.889;0
2026-06-16 00:15:00;BR-DEMO-01;19.927;3.398;0.043;42.92;0
2026-06-16 00:16:00;BR-DEMO-02;13.145;4.468;0.038;35.569;0
2026-06-16 00:17:00;BR-DEMO-03;14.878;2.102;0.245;66.802;0
2026-06-16 00:18:00;BR-DEMO-01;16.573;2.208;0.0;42.803;0
2026-06-16 00:19:00;BR-DEMO-02;17.051;2.609;0.165;48.557;0
2026-06-16 00:20:00;BR-DEMO-03;18.969;2.81;0.073;50.992;0
2026-06-16 00:21:00;BR-DEMO-01;18.038;3.533;0.205;32.204;0
2026-06-16 00:22:00;BR-DEMO-02;13.697;2.547;0.076;51.797;0
2026-06-16 00:23:00;BR-DEMO-03;19.054;3.66;0.178;46.878;0
2026-06-16 00:24:00;BR-DEMO-01;21.599;3.282;0.155;58.324;0
2026-06-16 00:25:00;BR-DEMO-02;18.346;2.817;0.091;51.327;0
2026-06-16 00:26:00;BR-DEMO-03;21.711;2.97;0.242;27.27;0
2026-06-16 00:27:00;BR-DEMO-01;17.834;2.976;0.099;66.455;0
2026-06-16 00:28:00;BR-DEMO-02;17.801;2.755;0.152;26.975;0
2026-06-16 00:29:00;BR-DEMO-03;15.72;3.59;0.106;37.54;0
2026-06-16 00:30:00;BR-DEMO-01;21.929;3.804;0.186;40.904;0
2026-06-16 00:31:00;BR-DEMO-02;17.282;2.518;0.08;35.6;0
2026-06-16 00:32:00;BR-DEMO-03;16.146;2.379;0.041;46.975;0
2026-06-16 00:33:00;BR-DEMO-01;18.704;4.02;0.103;47.665;0
2026-06-16 00:34:00;BR-DEMO-02;18.938;2.848;0.202;51.977;0
2026-06-16 00:35:00;BR-DEMO-03;18.982;2.847;0.125;32.69;0
2026-06-16 00:36:00;BR-DEMO-01;15.582;2.627;0.071;48.959;0
2026-06-16 00:37:00;BR-DEMO-02;21.59;2.455;0.17;35.693;0
2026-06-16 00:38:00;BR-DEMO-03;17.085;2.586;0.192;38.891;0
2026-06-16 00:39:00;BR-DEMO-01;21.035;2.853;0.105;33.72;0
